iteración,configuración,params totales (M),params entrenables (M),mejor epoch,accuracy,precision,recall,F1,s/epoch,tiempo total (min),memoria pico (GB)
CNN-1,"3 bloques [32, 64, 128], aug no, dropout 0.0/0.0, wd 0, LS 0, lr 0.001, 20 ep",0.288746,0.288746,17,0.857,0.8580870306160587,0.857,0.8573467671081663,1.7919214650020876,0.5973071550006959,0.7855925559997559
CNN-2,"3 bloques [64, 128, 256], aug sí, dropout 0.1/0.3, wd 0.05, LS 0, lr 0.002, 30 ep",1.148874,1.148874,28,0.9188,0.9189918447931416,0.9187999999999998,0.9187718688017791,2.065865723332778,1.032932861666389,0.873664379119873
CNN-3,"4 bloques [64, 128, 256, 512], aug sí, dropout 0.1/0.3, wd 0.05, LS 0.1, lr 0.002, 40 ep",4.692426,4.692426,36,0.931,0.9312806160646216,0.9309999999999998,0.9309855977839868,2.6844728700019913,1.7896485800013275,0.944671630859375
FE-1,"224×224, entrena solo clasificador, lr 0.001, 8 ep",134.301514,119.586826,8,0.9044,0.9048365561592707,0.9043999999999999,0.9042334812782988,48.85274907500025,6.5136998766667,4.336102485656738
FE-2,"224×224, entrena solo clasificador, lr 0.0001, 8 ep",134.301514,119.586826,8,0.9116,0.9117005566048894,0.9116,0.9114059156691046,48.91547108750092,6.522062811666789,4.336590766906738
FE-3,"112×112, entrena solo clasificador, lr 0.0001, 8 ep",134.301514,119.586826,8,0.8916,0.892213700834793,0.8916000000000001,0.8914749472696684,19.63571157500337,2.618094876667116,3.0051093101501465
FT-1,"224×224, entrena bloque 5 + clasificador, lr 0.0001, lr backbone 1e-05, 8 ep",134.301514,126.66625,8,0.9246,0.9247093050742533,0.9246000000000001,0.9245440538645472,53.29106133749701,7.105474844999602,4.417662620544434
FT-2,"224×224, entrena bloques 4-5 + clasificador, lr 0.0001, lr backbone 1e-05, 8 ep",134.301514,132.566026,8,0.934,0.9338801340716264,0.9339999999999999,0.9338649334582525,67.72692577500129,9.030256770000172,4.483871936798096
FT-3,"224×224, entrena bloques 4-5 + clasificador, lr 0.0001, lr backbone 5e-05, 8 ep",134.301514,132.566026,8,0.9468,0.9470807793871062,0.9468,0.9468658787991717,67.50831030000336,9.001108040000448,4.483597755432129
FT-4,"224×224, entrena bloques 3-5 + clasificador, lr 0.0001, lr backbone 1e-05, 8 ep",134.301514,134.041354,8,0.9414,0.941489685403947,0.9414,0.9413835866470164,83.53540799999791,11.138054399999723,4.501672744750977
